"","orig.ident","nCount_RNA","nFeature_RNA","Condition","DAS","mSS","DAS+mSS","lassoCS","CSS","orig.ident","nCount_RNA","nFeature_RNA","Condition","GLB1","TP53","CDKN1A","CDKN2A","LMNB1","IL1A","RB1","CDK1","CDK4","CDK6","MKI67","CDKN2B","orig.ident","nCount_RNA","nFeature_RNA","Condition","SenMayo","CellAge","GenAge","ASIG","SASP","AgingAtlas","SenUp","SigRS","hUSI"
"OSKM_01_S221_L001","OSKM",48738,4751,"Senescence",0.5,0.25,0.346153846153846,-0.172618049507926,0.0882936422432762,"OSKM",48738,4751,"Senescence",0.186627863545289,0,1.8131079217781,0,0,0,0,0.186627863545289,0,1.8131079217781,0.186627863545289,0.479666871845333,"OSKM",48738,4751,"Senescence",5.74297102602919,7.32039733964491,8.75727206753967,10.390030073034,3.76117076741527,9.45576831738372,6.28468085177584,10.9693902258842,0.780894876656425
"OSKM_01_S221_L002","OSKM",56049,4913,"Senescence",0.4,0.25,0.307692307692308,-0.320437925530036,0,"OSKM",56049,4913,"Senescence",0.305151561229121,0,1.43781310244692,0,0,0,0.164170582662492,0,0,1.55745419419753,0.164170582662492,0,"OSKM",56049,4913,"Senescence",5.69565479850398,7.2672728721068,8.59570464524273,10.3625495916716,3.71706338059416,9.33954957222295,6.2414839696219,11.0307705255242,0.781641609726053
"OSKM_02_S222_L001","OSKM",96744,5902,"Senescence",0.6,0.375,0.461538461538462,0.254774256494887,0,"OSKM",96744,5902,"Senescence",0.806648619133633,0.0983651299571452,1.24725468327683,0,0,0,0,0,0,0.709835076796808,0.416621257529075,0.544391387656395,"OSKM",96744,5902,"Senescence",5.09760685661793,7.45376151740853,8.59162227702362,10.401521309028,3.83071575961189,9.18490353720526,6.15972524069185,11.0214612690233,0.831352389908486
"OSKM_02_S222_L002","OSKM",112370,6022,"Senescence",0.5,0.4375,0.461538461538462,0.141967265178399,0.0296485301188622,"OSKM",112370,6022,"Senescence",0.427846331246489,0,1.25040827424936,0,0,0,0,0.0852522440777658,0,0.885364438131965,0.537623602998279,0.368080683679212,"OSKM",112370,6022,"Senescence",5.1889909013176,7.4818221098884,8.75877308216843,10.466796139958,3.78452519659767,9.35628086243337,6.19591974362126,11.2408794320122,0.872806246301879
"OSKM_03_S223_L001","OSKM",34394,4248,"Senescence",0.3,0.3125,0.307692307692308,-0.00897004321474892,0.0745504030454236,"OSKM",34394,4248,"Senescence",0.255222194609461,0.458371723099399,1.62343497665133,0,0,0,0,0.255222194609461,0,1.20176649945582,1.50162564616997,0.627138330506057,"OSKM",34394,4248,"Senescence",5.5399983027754,7.41835312587547,8.13073842620065,10.1195467763432,3.56229829230041,8.90712937911245,5.85453042137385,10.6128306486434,0.498145447931407
"OSKM_03_S223_L002","OSKM",40459,4456,"Senescence",0.4,0.3125,0.346153846153846,0.0575124572465817,0.0645167140256794,"OSKM",40459,4456,"Senescence",0.804607593713323,0,1.4382056829325,0,0,0,0,0,0,1.37774934255783,0.804607593713323,0.909460568396225,"OSKM",40459,4456,"Senescence",5.46241987014871,7.45903011027783,8.11163126767473,10.024461259073,3.50663417084316,8.86235574607532,5.85882550437094,10.7627524646002,0.474346916943276
"OSKM_04_S224_L001","OSKM",107011,5797,"Senescence",0.6,0.375,0.461538461538462,0.132365465397404,0.0693925462946226,"OSKM",107011,5797,"Senescence",0.558235805737681,0,1.38387814110465,0.171342063964747,0,0,0.171342063964747,0,0,0.752066841540842,0.0893363145561615,0.383384233671948,"OSKM",107011,5797,"Senescence",5.40198394988815,7.49024785537453,8.58804477934081,10.5667666020572,4.14556878040379,9.27685207394912,6.34708668195893,11.0919628649412,0.899905052575207
"OSKM_04_S224_L002","OSKM",124082,5955,"Senescence",0.6,0.375,0.461538461538462,0.0953065661264117,0.0391941546463917,"OSKM",124082,5955,"Senescence",0.676561597038067,0,1.20512138447384,0.149439944576962,0,0,0.149439944576962,0,0,1.01993736368879,0.216542290864043,0.497579236492417,"OSKM",124082,5955,"Senescence",5.60308220519337,7.69622925552254,8.59720812636573,10.571131498875,4.09672632218474,9.37211657482883,6.39086883945136,11.1751176701463,0.88080061074958
"OSKM_05_S225_L001","OSKM",139026,6077,"Senescence",0.6,0.3125,0.423076923076923,0.102303264030248,0.0392602101753225,"OSKM",139026,6077,"Senescence",1.23709390968863,0.195391583245147,1.17241982652587,0,0,0,0.134406744865877,0.0694598213683192,0,0.499174568228626,0,0.195391583245147,"OSKM",139026,6077,"Senescence",5.22565750866872,7.54088046257423,8.3433476030575,10.503031816269,3.95185169894586,9.06641345657386,6.25904886926154,11.0637538741988,0.785987983036093
"OSKM_05_S225_L002","OSKM",160529,6212,"Senescence",0.6,0.3125,0.423076923076923,0.0109704573305014,0.114065585910887,"OSKM",160529,6212,"Senescence",1.28546514521713,0.0604307586300985,0.938971960344713,0,0,0,0.171329802345233,0.0604307586300985,0,0.963038830945539,0.171329802345233,0,"OSKM",160529,6212,"Senescence",5.35265739804872,7.64277723142237,8.59966527619532,10.6604556918333,3.95128599848136,9.22661840767804,6.24429025522218,11.115794364773,0.779942516529398
"OSKM_06_S226_L001","OSKM",83407,5814,"Senescence",0.4,0.3125,0.346153846153846,0.138554377063753,0,"OSKM",83407,5814,"Senescence",0.731909193924191,0,1.44388812857665,0,0,0,0,0.307250879087341,0,1.22315178832586,0.787975488336665,1.02905147213749,"OSKM",83407,5814,"Senescence",5.46549694085892,7.45519866305399,8.64045779711257,10.3867911117707,3.60171649350978,9.23201537150063,6.32782197719706,11.0350158713025,0.828706097302794
"OSKM_06_S226_L002","OSKM",97966,6008,"Senescence",0.6,0.375,0.461538461538462,0.0880723147811348,0,"OSKM",97966,6008,"Senescence",0.703474819079855,0.0971958830469372,1.56377516400801,0,0,0,0.0971958830469372,0.0971958830469372,0,1.4507796098057,0.539141098271208,0.887507326625683,"OSKM",97966,6008,"Senescence",5.43531769330438,7.55138251494433,8.57786580950195,10.4951844558414,3.76893150739813,9.2134407117784,6.37261972795495,11.0847878416812,0.807876686086763
"OSKM_07_S227_L001","OSKM",59226,5408,"Senescence",0.7,0.4375,0.538461538461538,0.206223468089822,0,"OSKM",59226,5408,"Senescence",0.290943893111839,0.156015879937131,0.612058495544921,0.516039442059856,0,0,0.409811842270796,0,0,1.35334778178855,0,0.409811842270796,"OSKM",59226,5408,"Senescence",5.52209138783239,7.64599141038764,8.50858290410833,10.4133353668627,3.78555749103333,9.17635974315214,6.24751892339438,11.1571343256785,0.831024378354066
"OSKM_07_S227_L002","OSKM",68313,5627,"Senescence",0.8,0.4375,0.576923076923077,0.212096154282246,0,"OSKM",68313,5627,"Senescence",0.364056181414194,0.549233569842118,1.16182972764467,0.460925098522893,0,0,0.549233569842118,0,0,1.24948485048644,0.256787236926749,0.549233569842118,"OSKM",68313,5627,"Senescence",5.52400648875063,7.71336032286082,8.51947143010375,10.3774227751201,3.78784076948745,9.15202167987188,6.2813110638945,11.1911132403719,0.847193490471604
"OSKM_08_S228_L001","OSKM",81397,5648,"Senescence",0.5,0.375,0.423076923076923,0.0327688172723772,0,"OSKM",81397,5648,"Senescence",0.115874237871838,0,1.83780777929789,0,0,0,0.684528751010031,1.04479643281953,0,0.399727749330713,2.68354342985294,0.95439946493606,"OSKM",81397,5648,"Senescence",5.67695957600845,7.96481918022482,8.83201235654115,10.6843089162665,3.74951260838652,9.63018402088068,6.03404860699691,11.2213749476765,0.347464848247482
"OSKM_08_S228_L002","OSKM",93193,5796,"Senescence",0.5,0.375,0.423076923076923,0.124041943549771,0.0184490421583901,"OSKM",93193,5796,"Senescence",0,0,1.68630118274497,0.101928409714862,0,0,0.497025952781865,1.21214700235603,0,0.497025952781865,2.59877736178712,0.827525247157322,"OSKM",93193,5796,"Senescence",5.46648846938211,7.95221753596896,8.62871275728392,10.45466323534,3.7290283751858,9.37327280381795,5.94683268267724,11.1511023149682,0.334900861701607
"OSKM_09_S229_L001","OSKM",62511,5688,"Senescence",0.4,0.3125,0.346153846153846,0.00387410837349085,0,"OSKM",62511,5688,"Senescence",0.391985015110831,0,0.494627568637396,0,0,0,0.148395733233444,0,0,1.6407947029251,0.672858280615564,0.391985015110831,"OSKM",62511,5688,"Senescence",5.38643890567604,7.72754160781757,8.28185631979702,10.5060596423908,3.63732477307608,9.04133816139172,6.10792429805323,11.1453949628807,0.710542882177687
"OSKM_09_S229_L002","OSKM",71874,5851,"Senescence",0.5,0.375,0.423076923076923,0.0138204852160731,0,"OSKM",71874,5851,"Senescence",0.245503487142775,0,0.528073138178895,0,0,0,0.130266894163121,0,0,1.74580289135548,0.606932335285943,0.748136643733747,"OSKM",71874,5851,"Senescence",5.47947630560248,7.82605522807768,8.33174780678636,10.484290871799,3.64810284969096,9.04683486291017,6.26173863576762,11.2196971274817,0.676051688734377
"OSKM_10_S230_L001","OSKM",53235,5087,"Senescence",0.2,0.3125,0.269230769230769,0.193730632467782,0,"OSKM",53235,5087,"Senescence",0.754749230493128,0.446951857679405,0.318957374003701,0,0,0,0.17214187056537,0,0,2.04930036363514,0.560407112909487,1.05725661597704,"OSKM",53235,5087,"Senescence",5.78310695804452,7.72823903410114,8.32056672910138,10.4640773673165,3.65358281981015,9.11859662830501,6.30556443422338,10.9974977210665,0.690316141287464
"OSKM_10_S230_L002","OSKM",61517,5257,"Senescence",0.5,0.3125,0.384615384615385,0.172900441731314,0,"OSKM",61517,5257,"Senescence",0.901384270496371,0.594863486267105,0.500912712763108,0,0,0,0.150621624297796,0,0,2.21132849038753,0.397211187994975,0.759822561449768,"OSKM",61517,5257,"Senescence",5.66313315392005,7.86115704317081,8.53913354340468,10.5765307028335,3.54509603449756,9.26743679232589,6.29952329916775,11.1955549143637,0.684751355367769
"OSKM_11_S231_L001","OSKM",69934,5682,"Senescence",0.4,0.375,0.384615384615385,0.0329609013886339,0.0632295093948949,"OSKM",69934,5682,"Senescence",0.6194746890914,0.133649354036979,1.45601051031554,0,0,0,0.251524127839399,0.133649354036979,0,0.94503817684777,0.133649354036979,0.133649354036979,"OSKM",69934,5682,"Senescence",5.51803606527347,7.53363798773708,8.30289028605874,10.344067098945,3.97330054772625,8.90087326210343,6.34420187905166,11.2486003120597,0.951446219069172
"OSKM_11_S231_L002","OSKM",81015,5920,"Senescence",0.4,0.375,0.384615384615385,0.100528526924218,0.10662923354075,"OSKM",81015,5920,"Senescence",0.55423194498566,0.401280182142659,1.40752936885785,0,0,0,0.220634697952542,0.116390005384898,0,1.13087837558938,0.116390005384898,0.220634697952542,"OSKM",81015,5920,"Senescence",5.39103604358268,7.51146859445387,8.27608918300827,10.2901248271121,3.99480810919265,8.93860770128267,6.41337245979672,11.3438159994478,0.984661891147957
"OSKM_12_S232_L001","OSKM",45081,4493,"Senescence",0.4,0.375,0.384615384615385,0.210032737190349,0,"OSKM",45081,4493,"Senescence",0.367171776224836,0,1.02050065572926,0,0,0,0.367171776224836,0,0,1.16883133542808,0.20034395739426,0,"OSKM",45081,4493,"Senescence",5.63184350748991,7.41313994675482,8.70171122191315,10.4285650079048,3.56690307102106,9.2901926102319,6.10026591720675,11.0459170153773,0.750432666420225
"OSKM_12_S232_L002","OSKM",52624,4645,"Senescence",0.5,0.3125,0.384615384615385,0.10099737091881,0,"OSKM",52624,4645,"Senescence",0.322123156267409,0,1.84384043345806,0,0,0,0.173976301766965,0,0.173976301766965,1.128268498251,0,0,"OSKM",52624,4645,"Senescence",5.37271906259877,7.60291908132459,8.6704051617116,10.4460115027732,3.54058096651078,9.18819784030071,6.15279356074551,10.9136579370192,0.724318280558766
"OSKM_13_S233_L001","OSKM",65466,5810,"Senescence",0.5,0.375,0.423076923076923,0.287318995243996,0.0415223946711771,"OSKM",65466,5810,"Senescence",0.266587712134954,0,1.19127220057357,0,0,0,0.377239239252758,0,0,0.476857702191878,1.23663844762065,0.266587712134954,"OSKM",65466,5810,"Senescence",5.35324689624073,7.57800143775786,8.65770064179764,10.4798109878011,3.82151926022665,9.25098235027093,6.20184954966657,11.0266378224294,0.609898780270135
"OSKM_13_S233_L002","OSKM",76408,6021,"Senescence",0.6,0.375,0.461538461538462,0.289404623363669,0.0359262148101895,"OSKM",76408,6021,"Senescence",0.122992861383737,0,1.21068252307538,0.122992861383737,0,0,0.122992861383737,0,0,0.650309842110545,0.77835520142209,0.122992861383737,"OSKM",76408,6021,"Senescence",5.10984240478215,7.62181155183242,8.78892156323149,10.6231968436665,3.91720574644383,9.32430951805414,6.18775390950333,11.2744746811088,0.595811164806863
"OSKM_14_S234_L001","OSKM",18625,3730,"Senescence",0.5,0.3125,0.384615384615385,0.123997145061889,0.0777894012671893,"OSKM",18625,3730,"Senescence",0.729394970952286,0.429775697608781,0.729394970952286,0.429775697608781,0,0,0,0.429775697608781,0,1.30415213556407,3.43614983508581,0.429775697608781,"OSKM",18625,3730,"Senescence",5.49347374089782,7.49242936276977,8.40414266328451,10.132172681116,3.62410461498855,9.01051949433827,5.92535228219828,10.8924247491644,0.487904874009867
"OSKM_14_S234_L002","OSKM",21413,3932,"Senescence",0.5,0.3125,0.384615384615385,-0.192989701623726,0,"OSKM",21413,3932,"Senescence",0,0,1.88768647277758,0,0,0,0,0.383223605749355,0,1.55520307384363,3.23018417448905,0,"OSKM",21413,3932,"Senescence",5.35117269390795,7.6492099844819,8.31115475764899,10.2247494267937,3.69752859130733,8.85085749944473,5.95753544826366,10.8595465439951,0.532970865373256
"OSKM_15_S235_L001","OSKM",101908,6323,"Senescence",0.7,0.375,0.5,-0.0515981047476738,0.152172786724537,"OSKM",101908,6323,"Senescence",0.522889004502623,0,1.59434639047545,0.179196216408836,0.0936066596777797,0,0.179196216408836,1.26731959039082,0.179196216408836,1.39672957795471,1.42071683530125,0.0936066596777797,"OSKM",101908,6323,"Senescence",5.32134002924807,7.63380962737496,8.93145028744245,10.6002254952442,3.91364309306576,9.31241242832552,6.28892042423508,11.2482982789809,0.668481000535793
"OSKM_15_S235_L002","OSKM",119095,6493,"Senescence",0.7,0.375,0.5,0.0224332119110268,0.150098682368344,"OSKM",119095,6493,"Senescence",0.654215270738641,0.0806270734837813,1.45271314565499,0.224662192715943,0.0806270734837813,0,0.155235658968421,1.34933566637054,0,1.18390203578901,1.49124650590411,0.0806270734837813,"OSKM",119095,6493,"Senescence",5.30470307978164,7.78151823771933,8.97717461226589,10.711821756395,3.79704795200859,9.39009720621867,6.33873712058142,11.2281720815879,0.629052245066343
"OSKM_16_S236_L001","OSKM",27321,4282,"Senescence",0.2,0.3125,0.269230769230769,-0.0175023055289999,0,"OSKM",27321,4282,"Senescence",0,0.311900533650395,0.311900533650395,0,0,0,0.311900533650395,0,0,1.7506326667605,0.311900533650395,0.311900533650395,"OSKM",27321,4282,"Senescence",5.56032244463623,7.11001889333242,8.41160109302738,10.1075663492932,3.42776020284516,9.21254219839176,6.31199633198801,10.7686929276139,0.780514310376521
"OSKM_16_S236_L002","OSKM",32445,4551,"Senescence",0.6,0.375,0.461538461538462,0.0552924490993724,0.0486279617531407,"OSKM",32445,4551,"Senescence",0,0.268662772116799,0.654739821241917,0,0,0,0.268662772116799,0,0,1.78026405054489,0.268662772116799,1.14977972112603,"OSKM",32445,4551,"Senescence",5.79686237409124,7.19825499682864,8.58825217518949,10.2020596567337,3.41184976567659,9.3067656605531,6.26310411913897,10.8180723845351,0.743503017153666
"OSKM_17_S237_L001","OSKM",96821,6068,"Senescence",0.5,0.3125,0.384615384615385,-0.0426707441130442,0.0287106911266404,"OSKM",96821,6068,"Senescence",0.098290623507841,0.098290623507841,1.57308197364429,0,0,0,0.18777893585083,0.269912730529661,0,1.55142771636136,1.57308197364429,0.482241114617359,"OSKM",96821,6068,"Senescence",5.26811547074471,7.5956596376743,8.66853506752567,10.5962873008617,3.83072267750662,9.28112854886678,6.44529200697737,11.3330737583888,0.893998331286936
"OSKM_17_S237_L002","OSKM",113477,6225,"Senescence",0.5,0.3125,0.384615384615385,0.0215462734013132,0.0685192320118744,"OSKM",113477,6225,"Senescence",0.0844547306916116,0.301950545452247,1.34023856508158,0,0,0,0.162329005138656,0,0,1.58462002432169,1.34023856508158,0.36507213444434,"OSKM",113477,6225,"Senescence",5.34670521632211,7.60178053544562,8.60534129013626,10.5279731288261,3.90798840385918,9.29454922519103,6.41266501643949,11.3187394236394,0.874382399790356
"OSKM_18_S238_L001","OSKM",33485,4668,"Senescence",0.5,0.25,0.346153846153846,0.0966099953295968,0,"OSKM",33485,4668,"Senescence",0,0.639706080159741,1.85246899522724,0,0,0,0.261318473679715,0.639706080159741,0,1.22057309223542,3.04494897700349,0,"OSKM",33485,4668,"Senescence",5.61089987735793,7.60597622843371,8.74989349893691,10.4495935840409,3.81044513120856,9.30407711036657,5.97184082935857,10.9001543936839,0.48376541699796
"OSKM_18_S238_L002","OSKM",39265,4936,"Senescence",0.6,0.25,0.384615384615385,0.0634967572133766,0,"OSKM",39265,4936,"Senescence",0,0.2268803529476,1.76454500292169,0,0,0,0.2268803529476,0.567606191283004,0,1.51853162116012,3.09731449016764,0,"OSKM",39265,4936,"Senescence",5.70973383830899,7.64390946388604,8.7267913970486,10.5712031073976,3.72510000475494,9.37139988258172,5.95776916733232,10.9932899828135,0.439090861070112
"OSKM_19_S239_L001","OSKM",24320,3960,"Senescence",0.5,0.25,0.346153846153846,0.290517412464124,0,"OSKM",24320,3960,"Senescence",0,0,2.4229962510567,0,0,0,0,0.344429217521795,0,0.972571567772745,0.600136985341062,0,"OSKM",24320,3960,"Senescence",5.39177141185557,7.65379359097482,8.58412089332597,10.1784846624598,3.43381594489216,9.13747890123763,6.06725592120815,10.8702027726011,0.712760569458795
"OSKM_19_S239_L002","OSKM",28967,4173,"Senescence",0.4,0.25,0.307692307692308,0.513228259343934,0,"OSKM",28967,4173,"Senescence",0.867470878307599,0,2.22843144447964,0,0,0,0,0.296557883076369,0,1.12210826344008,0,0.296557883076369,"OSKM",28967,4173,"Senescence",5.38582517091015,7.69113626582774,8.65842640374019,10.4476986950028,3.59757928363094,9.16369540253514,6.06705574519773,10.7611281742273,0.766072019702585
"OSKM_20_S240_L001","OSKM",34291,4356,"Senescence",0.6,0.3125,0.423076923076923,0.277418623130659,0.134212804730212,"OSKM",34291,4356,"Senescence",0.255898567069481,0,2.8355162173245,0,0,0,0,0,0,0.459475538275288,0.459475538275288,0,"OSKM",34291,4356,"Senescence",5.45490243662645,7.57396069382961,8.31205353411217,10.1159811986857,3.49578267566674,9.18459156061007,6.09583242218903,10.8137847609472,0.761254919660991
"OSKM_20_S240_L002","OSKM",40767,4575,"Senescence",0.6,0.3125,0.423076923076923,0.30746225103577,0.116598710169472,"OSKM",40767,4575,"Senescence",0.551519859739128,0,2.72308287963315,0,0,0,0,0,0,0.219373606593162,0.800422852818516,0,"OSKM",40767,4575,"Senescence",5.35106002873195,7.54346498813489,8.22062374870898,10.0999210366486,3.62698777491523,9.18166389930176,6.06414743251337,10.9890554987864,0.771386567705352
"OSKM_21_S241_L001","OSKM",78338,5499,"Senescence",0.5,0.375,0.423076923076923,0.446892589630172,0.0586843940391967,"OSKM",78338,5499,"Senescence",0.638460655507765,0.324223171487274,0.764941064825612,0,0,0,0,0,0,0.703699190446755,1.23121458173393,0.764941064825612,"OSKM",78338,5499,"Senescence",5.47891276290283,7.74851420129772,8.38638980789445,10.4346736473847,3.63101627878073,9.09082782666777,6.11730213081881,11.1005348829317,0.462758338390929
"OSKM_21_S241_L002","OSKM",90942,5720,"Senescence",0.6,0.3125,0.423076923076923,0.455618493810343,0.0359801938805084,"OSKM",90942,5720,"Senescence",0.570822110954623,0.104324153788995,0.931944656066711,0.104324153788995,0,0,0,0.19878560154977,0,1.12792630165763,1.22938445893242,0.19878560154977,"OSKM",90942,5720,"Senescence",5.34711889467479,7.73622791494143,8.30392798711411,10.3803304648522,3.41494940832342,8.88311990249478,6.13512075214546,11.0190673409866,0.495704472696493
"OSKM_22_S242_L001","OSKM",105952,5982,"Senescence",0.5,0.375,0.423076923076923,0.0678710902407274,0.0699677412276333,"OSKM",105952,5982,"Senescence",1.26647531430141,0.386562106230018,1.99110450123514,0,0,0,0.0901901510020898,0.386562106230018,0,1.0604420655382,0.0901901510020898,0.448712428551363,"OSKM",105952,5982,"Senescence",5.33282143295781,7.62761119054326,8.61135664445692,10.579697604204,3.87594105700671,9.34100343006927,6.27721711968648,11.3210586480268,0.779051512514177
"OSKM_22_S242_L002","OSKM",125900,6184,"Senescence",0.5,0.375,0.423076923076923,0.109371839743712,0.0605314156354712,"OSKM",125900,6184,"Senescence",1.12009032749327,0.0764313801067966,2.00602069211291,0,0,0,0,0.213726835013429,0,0.951102644793214,0.147433514478438,0.389720953677097,"OSKM",125900,6184,"Senescence",5.54477964551739,7.63175267379432,8.54335068245594,10.523200037073,3.84231624026151,9.2324092695363,6.31235951728731,11.3100783336049,0.7653099395064
"OSKM_23_S243_L001","OSKM",29463,4423,"Senescence",0.4,0.375,0.384615384615385,0.0970706352867027,0.0937742314437645,"OSKM",29463,4423,"Senescence",0.857658997864873,0.518089676484887,1.39987146115363,0,0,0,0,0.292228285216669,0,0,0.702219031540221,0,"OSKM",29463,4423,"Senescence",6.0007833625836,7.71165360048599,8.1844538522668,10.185367719035,3.29878603816676,9.01160517591159,6.0621347663695,11.0952721057859,0.719536049249503
"OSKM_23_S243_L002","OSKM",34554,4634,"Senescence",0.4,0.4375,0.423076923076923,0.0648569291931678,0.0460063300191066,"OSKM",34554,4634,"Senescence",1.10718036659631,0.769000377283688,1.56071546606206,0,0,0,0,0,0,0.456667719060912,0.456667719060912,0,"OSKM",34554,4634,"Senescence",5.90290181706637,7.53737339114665,8.32322347932005,10.3630713841076,3.34744693310685,9.11918674737903,6.13102294239106,11.0999697155906,0.699734351849266
"OSKM_24_S244_L001","OSKM",55923,4919,"Senescence",0.6,0.3125,0.423076923076923,0.163047567930899,0,"OSKM",55923,4919,"Senescence",0.164511649719201,0,0.888112804371825,0.164511649719201,0,0,0,0.305743924244987,0,0.539570041738341,1.48104273424979,0.164511649719201,"OSKM",55923,4919,"Senescence",5.26637486954456,7.74491363394666,8.68669737935788,10.4466985578102,3.78412722726639,9.22842083569248,6.10404519877638,11.1342980990354,0.483401144123676
"OSKM_24_S244_L002","OSKM",65488,5063,"Senescence",0.6,0.3125,0.423076923076923,0.185917453041943,0,"OSKM",65488,5063,"Senescence",0,0,0.79822668923351,0,0,0,0,0.567299708710331,0,0.476730282620897,1.63371926851084,0,"OSKM",65488,5063,"Senescence",5.1016854169446,7.74124165297618,8.75155919355102,10.4352446648671,3.64876162040163,9.21577854653872,6.08666673532716,11.0174042697193,0.514698293186002
"OSKM_25_S245_L001","OSKM",23797,3970,"Senescence",0.7,0.3125,0.461538461538462,0.0596381282029893,0,"OSKM",23797,3970,"Senescence",0,0,2.09725169714845,0.350812518841113,0,0,0.350812518841113,0,0,1.37157335024604,0,0,"OSKM",23797,3970,"Senescence",5.57398665760044,7.32860955117184,8.433731152625,10.0880575050852,3.56140979270243,9.14471889391948,6.05335824613009,10.8652124427814,0.802645098031056
"OSKM_25_S245_L002","OSKM",27946,4160,"Senescence",0.6,0.3125,0.423076923076923,0.0168231663165582,0,"OSKM",27946,4160,"Senescence",0.539801300962125,0.305890019783686,2.29715277356014,0.305890019783686,0,0,0.729237465723598,0,0,1.66657326566161,0.305890019783686,0,"OSKM",27946,4160,"Senescence",5.73482002843606,7.55263807078526,8.49539640958347,10.2486917608033,3.52710887668292,9.22389465212706,6.22925388002597,10.9532350407803,0.840152605137974
"OSKM_26_S246_L001","OSKM",55724,5473,"Senescence",0.4,0.375,0.384615384615385,0.0168422466290096,0.0298746331359547,"OSKM",55724,5473,"Senescence",0.306684217303685,0.306684217303685,0,0,0,0,0,0.165053221745606,0,0.81367809431485,1.90844389745158,1.30612453077804,"OSKM",55724,5473,"Senescence",5.28686082608852,7.5301996206371,8.78016195363324,10.556171535316,3.79667956504112,9.36760864572551,6.2307343803883,10.8632085478873,0.496581505373344
"OSKM_26_S246_L002","OSKM",64561,5626,"Senescence",0.5,0.3125,0.384615384615385,0.0819672203741772,0.0260652794882159,"OSKM",64561,5626,"Senescence",0.144007068995668,0.144007068995668,0.144007068995668,0,0,0,0.144007068995668,0,0,0.872978327113679,1.95172160472417,1.15325570620335,"OSKM",64561,5626,"Senescence",5.47605703970394,7.39505597722758,8.50470911334225,10.3566787001527,3.66635464601129,9.25863047518182,6.14794438046592,10.7858344091297,0.559459062678078
"OSKM_27_S247_L001","OSKM",35381,4683,"Senescence",0.5,0.375,0.423076923076923,0.0761704756977803,0.0810991535370485,"OSKM",35381,4683,"Senescence",0.248918562359721,0,0.880948640717588,0,0,0,0.756380300980878,0,0,1.09140740131436,1.09140740131436,0.448061621751649,"OSKM",35381,4683,"Senescence",5.58188858272382,7.4728150135279,8.29455766866049,10.0984781258673,3.29304400776878,9.05049728245943,6.07853321169608,10.9615839991388,0.506632242270122
"OSKM_27_S247_L002","OSKM",40714,4876,"Senescence",0.5,0.4375,0.461538461538462,-0.0541146006526227,0.072328016359879,"OSKM",40714,4876,"Senescence",0.55207155945632,0,1.30881198747361,0,0,0,0.399602300330823,0,0,1.30881198747361,1.73460683456573,0.55207155945632,"OSKM",40714,4876,"Senescence",5.48862790727906,7.72752841893232,8.50071301168266,10.3370773469078,3.80072153743978,9.28188218215934,6.09043420896799,11.0119306801094,0.481495165490076
"OSKM_28_S248_L001","OSKM",25132,4204,"Senescence",0.5,0.3125,0.384615384615385,0.0514822607285819,0,"OSKM",25132,4204,"Senescence",0.585449594735499,0,2.19254496230877,0,0,0,0.33497046151417,0,0,0.952274045361273,0.585449594735499,0,"OSKM",25132,4204,"Senescence",5.78649525441223,7.69411830875422,8.38685177021274,10.4210644938414,3.38107920467459,9.22820882569274,5.96406213471761,10.9438913298668,0.780940743198107
"OSKM_28_S248_L002","OSKM",29148,4390,"Senescence",0.5,0.25,0.346153846153846,-0.0845593618237461,0,"OSKM",29148,4390,"Senescence",0,0,2.22287511437065,0,0,0,0.294963035755537,0,0,1.56315181508177,0.294963035755537,0,"OSKM",29148,4390,"Senescence",5.6499330171783,7.81494126793678,8.65451143810389,10.5064727476696,3.46117994488353,9.34002968167368,6.02512869068293,10.8609141957026,0.742339574197722
"OSKM_29_S249_L001","OSKM",70528,5547,"Senescence",0.4,0.4375,0.423076923076923,0.0270403329349475,0.0627307682769217,"OSKM",70528,5547,"Senescence",0.249649401028762,0,0.449259088433819,0,0,0,0.354426501570197,0,0,1.48226428035108,0,0.249649401028762,"OSKM",70528,5547,"Senescence",5.80403072321503,7.72387007166419,8.83988219852434,10.6093194083387,3.37527255657314,9.51110224588461,6.319342721421,11.1841941324712,0.559122105770634
"OSKM_29_S249_L002","OSKM",81538,5729,"Senescence",0.5,0.375,0.423076923076923,0.0542553612029468,0,"OSKM",81538,5729,"Senescence",0.115685017363323,0,0.551499063015415,0,0,0,0.551499063015415,0,0,1.79647008169127,0.115685017363323,0.219363943402806,"OSKM",81538,5729,"Senescence",5.88337735090431,7.73193887546961,8.71188800504976,10.6131364369574,3.54159670710306,9.3931492653828,6.30160572582029,11.0509070732594,0.525875680429471
"OSKM_30_S250_L001","OSKM",33478,4360,"Senescence",0.4,0.375,0.384615384615385,0.0112630065424966,0,"OSKM",33478,4360,"Senescence",0,0,1.85264527618231,0,0,0,0,0,0,1.02683760781056,0,0.639804882495319,"OSKM",33478,4360,"Senescence",5.54720126304382,7.45284799268002,8.36518483246999,10.1926575980463,3.54298876449396,9.02796819940504,6.03357207111336,10.8242051035725,0.655930881973287
"OSKM_30_S250_L002","OSKM",38733,4515,"Senescence",0.4,0.3125,0.346153846153846,0.0534279831679604,0.0670849913417975,"OSKM",38733,4515,"Senescence",0,0.229664468818204,1.93702637176649,0,0,0,0,0,0,0.82893991085115,0.229664468818204,0.82893991085115,"OSKM",38733,4515,"Senescence",5.69398397109861,7.59654134846522,8.56173290771378,10.3663145138815,3.76755853875375,9.14116409885415,6.09992803930459,10.9049607496185,0.62682477875815
"OSKM_31_S251_L001","OSKM",31516,4305,"Senescence",0.4,0.3125,0.346153846153846,0.354166635980273,0,"OSKM",31516,4305,"Senescence",0.275583541719601,0,0.668801950194235,0,0,0,0.275583541719601,0.491397085646982,0,1.26367272497976,2.54475202976976,0,"OSKM",31516,4305,"Senescence",5.76262503672048,7.42155637636775,8.41571578197152,10.2305820008113,3.69080230681127,9.13143077193716,5.86908348120487,10.8124511945206,0.554303060548535
"OSKM_31_S251_L002","OSKM",37199,4563,"Senescence",0.5,0.3125,0.384615384615385,0.163543340515867,0,"OSKM",37199,4563,"Senescence",0,0,0.960478544150276,0,0,0,0.851910983761918,0.238090826729045,0,1.30515054743813,2.44096806762192,0,"OSKM",37199,4563,"Senescence",5.62719660774136,7.2538653496068,8.39479562218094,10.1989898725456,3.43483393418877,9.04671712436068,5.97229200611079,10.8335571766872,0.531066704886707
"OSKM_32_S252_L001","OSKM",17464,2866,"Senescence",0.4,0.3125,0.346153846153846,0.229746925514199,0,"OSKM",17464,2866,"Senescence",0,0,1.48967169306159,0,0,0,0,0.452734436907748,0,0.999829909708699,0,0,"OSKM",17464,2866,"Senescence",5.66820702068155,7.35458096041689,8.23689033482994,9.92972056591294,3.32274374865338,8.84843862186353,5.96224514206623,10.4140728600583,0.689637794951697
"OSKM_32_S252_L002","OSKM",20611,3020,"Senescence",0.4,0.3125,0.346153846153846,0,0,"OSKM",20611,3020,"Senescence",0,0,1.68019462778603,0,0,0,0,0,0,0,0,0,"OSKM",20611,3020,"Senescence",5.39938343964566,7.32496151185553,8.12422231929603,9.711821756395,3.21547131158812,8.80862850641679,6.00903318941807,10.3942955844903,0.664599220203371
"OSKM_33_S253_L001","OSKM",27105,3957,"Senescence",0.3,0.25,0.269230769230769,-0.0408496223965149,0,"OSKM",27105,3957,"Senescence",0,0,1.16739607477982,0,0,0,0.314033518709795,0.745173465790269,0,1.54529530381241,2.82519491109106,0,"OSKM",27105,3957,"Senescence",5.58281910089303,8.11001889333242,8.72726537733902,10.5662138981334,3.53859491079758,9.47921911923776,5.60915107341664,10.8421451759199,0.328354380770503
"OSKM_33_S253_L002","OSKM",31158,4111,"Senescence",0.4,0.3125,0.346153846153846,-0.140358908533434,0,"OSKM",31158,4111,"Senescence",0,0,1.76029854457216,0,0,0,0.495847848814814,1.07352323059945,0,1.57925461329003,2.57990653475624,0.27834728483012,"OSKM",31158,4111,"Senescence",5.42323246261277,8.05485515381576,8.62497462839183,10.4837568370008,3.39369476839893,9.3889828931816,5.63842399731869,10.9279107208178,0.342016108061203
"OSKM_34_S254_L001","OSKM",101609,5381,"Senescence",0.4,0.375,0.384615384615385,0.0556263430734368,0,"OSKM",101609,5381,"Senescence",0,0,1.21253469427323,0,0.17967886605279,0,0.464047723707167,0.685198064159561,0,0.580723910512195,3.10269967195668,0,"OSKM",101609,5381,"Senescence",5.3833109345461,7.85934565721912,8.59783265701305,10.500142474933,3.86877728135026,9.20244671405613,6.03276705240827,10.7962542025891,0.322273920323963
"OSKM_34_S254_L002","OSKM",118501,5484,"Senescence",0.6,0.375,0.461538461538462,0.0934409889031696,0,"OSKM",118501,5484,"Senescence",0,0.0810152870480168,1.13452202597177,0.0810152870480168,0.155956146459789,0,0.352020285134762,0.611869191826066,0,0.611869191826066,2.97805859252522,0,"OSKM",118501,5484,"Senescence",5.52425350042516,7.94674702034017,8.73872977218633,10.539976924302,3.84322020076959,9.32395598885448,5.92403660237084,10.9828683425489,0.306565972952095
"OSKM_35_S255_L001","OSKM",39333,4581,"Senescence",0.4,0.3125,0.346153846153846,0.121698736753365,0,"OSKM",39333,4581,"Senescence",0.226529367131047,0,1.39893249058557,0.411101782445292,0,0,0,0,0,1.33411485041615,0.411101782445292,0,"OSKM",39333,4581,"Senescence",5.59216430610549,7.27337132301363,8.50419438335064,10.3081799485012,3.68523524745001,9.14786738040315,6.3990547473623,10.9806932856943,0.749908606762627
"OSKM_35_S255_L002","OSKM",46223,4726,"Senescence",0.5,0.375,0.423076923076923,0.18373867564052,0.0354485633215395,"OSKM",46223,4726,"Senescence",0.195848416141102,0,1.15165534397728,0.195848416141102,0,0,0.359550324920052,0,0,0.623459453718321,0.359550324920052,0.195848416141102,"OSKM",46223,4726,"Senescence",5.48623096918521,7.58474504484428,8.38298338685286,10.2787990196293,3.57472829188132,9.18675817152633,6.32901496993056,11.0629123391367,0.785299584974438
"OSKM_36_S256_L001","OSKM",65230,5162,"Senescence",0.6,0.3125,0.423076923076923,-0.0763442933884447,0,"OSKM",65230,5162,"Senescence",0,0.729057546677264,1.14621181563301,0.267433998726202,0,0,0,0.478228944944716,0,1.94288329992913,2.6302695692493,0,"OSKM",65230,5162,"Senescence",5.5529710109603,7.91729401854849,8.789021322548,10.5519346199934,3.62509621213369,9.57673846641253,6.13515631852258,11.273339964941,0.410555766287084
"OSKM_36_S256_L002","OSKM",74936,5322,"Senescence",0.6,0.3125,0.423076923076923,-0.161513060409847,0.0691016776776001,"OSKM",74936,5322,"Senescence",0.427741035801588,0.588166176048884,1.52672447666956,0,0,0,0,0.236568564456008,0,1.75856447792092,2.55542736198928,0.125263615804443,"OSKM",74936,5322,"Senescence",5.43613817225235,7.98486280341194,8.8466921715888,10.5716691645407,3.73161989786494,9.56614122107285,6.16728166519562,11.2478617016369,0.378991934209016
"OSKM_37_S257_L001","OSKM",43201,4888,"Senescence",0.6,0.375,0.461538461538462,0.127139779461166,0,"OSKM",43201,4888,"Senescence",0,0,1.26588714157003,0,0,0,0,0.20821355003312,0,0.870814899792697,2.07245263823218,0.52734543894584,"OSKM",43201,4888,"Senescence",5.38057545615054,7.73927014433189,8.74152074055221,10.4313481689498,3.89410374613114,9.25882967829404,6.12218826097772,11.0609845398367,0.375981217486311
"OSKM_37_S257_L002","OSKM",48854,5073,"Senescence",0.5,0.4375,0.461538461538462,0.235042750726269,0.0337064611666936,"OSKM",48854,5073,"Senescence",0,0,1.77708511169658,0,0,0,0,0.186223542357423,0,1.35213797131269,2.40060840377859,0.478761782902273,"OSKM",48854,5073,"Senescence",5.5134328117798,7.7022538502289,8.994549132891,10.5474640604962,3.89029492619962,9.48500356556534,6.10323226941534,11.0250543207165,0.372217968116596
"OSKM_38_S258_L001","OSKM",23309,4220,"Senescence",0.3,0.3125,0.307692307692308,0.375130288266025,0.112133285347053,"OSKM",23309,4220,"Senescence",0,0,1.14584383235407,0,0,0,0.356988078655706,0,0,0.827265620367484,0,0.356988078655706,"OSKM",23309,4220,"Senescence",5.52502785741922,7.38070532667069,8.39031386538982,10.0630642854539,3.38774199981318,9.17460313490995,6.15994888430208,10.8406081906214,0.833541759916474
"OSKM_38_S258_L002","OSKM",26742,4438,"Senescence",0.4,0.3125,0.346153846153846,0.264044451725526,0.0575010124566632,"OSKM",26742,4438,"Senescence",0,0.317685151694272,0.317685151694272,0,0,0,0.752279314068956,0,0,1.55591816091609,0,0.317685151694272,"OSKM",26742,4438,"Senescence",5.73658960266242,7.26535580503556,8.33021077120781,10.169266300485,3.22500173326048,9.17771793939814,6.2539364744614,10.968405753568,1
"OSKM_39_S259_L001","OSKM",23427,3931,"Senescence",0.4,0.3125,0.346153846153846,0.405849055818109,0,"OSKM",23427,3931,"Senescence",0,0,1.94247720410494,0,0,0,0,0,0,0.61719216413707,0.355474753301796,0,"OSKM",23427,3931,"Senescence",5.34588372352426,7.45120619613975,8.32748462380026,10.1959701400052,3.14556878040379,8.9253965288894,6.01138580018891,10.8494456054133,0.69594302769736
"OSKM_39_S259_L002","OSKM",28016,4085,"Senescence",0.4,0.3125,0.346153846153846,0.400001765914716,0,"OSKM",28016,4085,"Senescence",0,0,2.00483922427632,0,0,0,0.305231348196684,0,0,0.727943059028945,0.305231348196684,0,"OSKM",28016,4085,"Senescence",5.44340419836094,7.31459363152288,8.45246415767807,10.1864498191845,3.30484178403945,9.14765591055995,6.11742281801014,10.6867351265398,0.778485374436262
"OSKM_40_S260_L001","OSKM",91060,5704,"Senescence",0.5,0.5,0.5,0.101593704898964,0.0659087252705534,"OSKM",91060,5704,"Senescence",1.01417332448343,0.104195769957126,1.4314382131363,0,0,0,0.284767660556905,0,0,1.64346684453158,0.284767660556905,0.886915527976173,"OSKM",91060,5704,"Senescence",5.58168850467088,7.73377253413232,8.60021011565272,10.5611926947453,3.75025401070447,9.19869595425958,6.22468528069118,11.1482439242704,0.752151533747349
"OSKM_40_S260_L002","OSKM",105803,5772,"Senescence",0.6,0.5,0.538461538461538,0.181030520120125,0.0669201014612363,"OSKM",105803,5772,"Senescence",0.92117655848745,0.0903115971293563,0.92117655848745,0,0,0,0.0903115971293563,0,0,1.43829827599451,0.320677521084843,0.665340526143461,"OSKM",105803,5772,"Senescence",5.45198253663372,7.65394586065089,8.45717601809788,10.4031598341084,3.45879036151144,9.1238028097089,6.21847594958733,11.2548373964008,0.751267619581972
"Vector_01_S271_L001","Vector",68775,5218,"Growing",0.6,0.3125,0.423076923076923,-0.1102754539739,0.0245717239307187,"Vector",68775,5218,"Growing",0.255264772018513,0,1.06133322497691,0.362004229486816,0,0,1.36303429156065,0,0,1.59449586339814,1.50177254951344,0,"Vector",68775,5218,"Growing",5.73773060365068,7.75791583811337,8.74288277360669,10.462107633674,3.51382491191895,9.31856885778596,5.94211386889378,11.0354819361712,0.554433066987151
"Vector_01_S271_L002","Vector",81144,5382,"Growing",0.6,0.3125,0.423076923076923,-0.210029645909036,0.0398779000783983,"Vector",81144,5382,"Growing",0,0,1.16884662524313,0.220319889935902,0,0,1.00258871896597,0,0,1.75893842570015,1.24264163951558,0,"Vector",81144,5382,"Growing",5.60847746391155,7.70848145900731,8.81428199730358,10.5571549188782,3.52857043104124,9.40877158374004,6.02919283906267,10.8862438688091,0.580557364737461
"Vector_02_S272_L001","Vector",52640,5067,"Growing",0.5,0.3125,0.384615384615385,-0.179737777923944,0.0582891399569517,"Vector",52640,5067,"Growing",0,0.322039447275976,1.48601590732809,0,0,0,0,0,0,2.03456657545104,1.90197141950743,0,"Vector",52640,5067,"Growing",5.82200579464192,7.63154182649917,8.57192518411867,10.3039533362956,3.78352476243563,9.17878178964288,6.02016485993591,10.8781820669037,0.594546985331327
"Vector_02_S272_L002","Vector",62610,5331,"Growing",0.6,0.3125,0.423076923076923,-0.0764612677773494,0.0708564532539175,"Vector",62610,5331,"Growing",0.277205728817195,0,1.57551983797763,0.148177643634936,0,0,0.277205728817195,0.148177643634936,0,1.83589174297828,1.90952475818311,0,"Vector",62610,5331,"Growing",5.74124798254121,7.64911626907084,8.48977661747716,10.4147810780307,3.84413488650949,9.2058552471209,6.15545661690896,11.2523308746566,0.645382944934086
"Vector_03_S273_L001","Vector",55465,4534,"Growing",0.4,0.3125,0.346153846153846,-0.012432259311682,0,"Vector",55465,4534,"Growing",0.165763457489094,0,0.964183316655995,0.432354744217608,0,0,0.307916781420769,0,0,0.733215262545235,1.85767460032261,0,"Vector",55465,4534,"Growing",5.51846304171808,7.85010388511063,8.56520797024157,10.3569474691986,3.50876928134822,9.22941564510321,5.61047113876426,10.7720057036787,0.188299016812955
"Vector_03_S273_L002","Vector",65626,4738,"Growing",0.4,0.375,0.384615384615385,0.0733251693252981,0,"Vector",65626,4738,"Growing",0,0,1.03976193785691,0.649337280089736,0,0,0.141828180513149,0,0,0.863483734010211,1.93770033865697,0,"Vector",65626,4738,"Growing",5.49896295406267,7.77531929229365,8.60793989754662,10.3369881036047,3.71024226657113,9.27319950334672,5.6238366436711,10.8954794589268,0.205519083861945
"Vector_04_S274_L001","Vector",111363,6338,"Growing",0.5,0.3125,0.384615384615385,-0.044462807004625,0.0155643562843604,"Vector",111363,6338,"Growing",0,0.0859909186981236,0.773506888460937,0,0,0,0.487705411869092,0.773506888460937,0,0.853115109769092,2.05726351649492,0.430988977670578,"Vector",111363,6338,"Growing",5.33275907665757,7.5854499418252,8.51972019539333,10.3696485150524,3.7886442552063,8.96734375146838,5.63431090966771,11.1036636103858,0.0882344666735446
"Vector_04_S274_L002","Vector",131886,6586,"Growing",0.7,0.375,0.5,0.03044372618632,0.058181038946175,"Vector",131886,6586,"Growing",0.141192326381581,0.0730860051957924,0.685971381493505,0.0730860051957924,0,0,0.474110481117191,0.520225823391556,0,0.606528627712136,2.1844317827074,0.0730860051957924,"Vector",131886,6586,"Growing",5.47193273283869,7.73342914214579,8.60718168771959,10.5460205015356,3.81432868236496,9.06698066957365,5.81000498974464,11.1810453399444,0.111011941412532
"Vector_05_S275_L001","Vector",96386,6324,"Growing",0.5,0.375,0.423076923076923,-0.0479167834965435,0.034127783543494,"Vector",96386,6324,"Growing",0,0.188551290295547,1.15648478206243,0,0.188551290295547,0,0.270979753230707,0.808702887016178,0,0.604313812489657,2.25207671043701,0.0987130264488126,"Vector",96386,6324,"Growing",5.36123406428983,7.75225041000395,8.68393899895722,10.5364604356109,3.65286532391234,9.33159972763233,5.93297694522607,11.237167988652,0.276462834425313
"Vector_05_S275_L002","Vector",113627,6521,"Growing",0.5,0.3125,0.384615384615385,-0.0451946967159596,0.0424080297889666,"Vector",113627,6521,"Growing",0,0.162131182389412,1.10663561266385,0,0,0,0.162131182389412,0.720804672363836,0,0.631310349489137,2.26433382010228,0,"Vector",113627,6521,"Growing",5.32945081953468,7.66945630334411,8.78626626589879,10.4985443506707,3.57069306862564,9.34766133692835,5.86007062351374,11.3942955844903,0.235727310292255
"Vector_06_S276_L001","Vector",107039,6353,"Growing",0.4,0.25,0.307692307692308,-0.0711089369971537,0,"Vector",107039,6353,"Growing",0,0.317504603679404,1.02067018927886,0,0.0893139585535409,0,0.558123897225173,1.08583154066674,0,0.751928554857479,2.71515872399032,0,"Vector",107039,6353,"Growing",5.04990891920766,7.80054999668387,8.73994266476131,10.4379661273735,3.85559490487552,9.22530064776243,5.90050194667268,11.0909182730551,0.41533913072303
"Vector_06_S276_L002","Vector",125797,6563,"Growing",0.7,0.25,0.423076923076923,-0.0189609175045518,0,"Vector",125797,6563,"Growing",0.213884381190348,0.389985183250213,1.09437960737264,0.213884381190348,0.0764916269646297,0,0.276094651843032,0.855003911632241,0,1.01118240107137,2.68599694491344,0.213884381190348,"Vector",125797,6563,"Growing",5.19821378072001,7.69912724017203,8.6706729935952,10.4066628747027,3.88900250285242,9.1501557160415,6.00834997017895,11.1352133743269,0.404855817593668
"Vector_07_S277_L001","Vector",73767,5955,"Growing",0.6,0.3125,0.423076923076923,-0.122700946039411,0.0230101061069796,"Vector",73767,5955,"Growing",0,0.127127658049611,0.341236523978152,0.127127658049611,0.239901504613443,0,0.127127658049611,0,0,0.595188003371468,1.47911264415616,0,"Vector",73767,5955,"Growing",5.77134529329646,7.40379168587887,8.9842146313002,10.4157102240218,3.6866952081464,9.38182726587156,6.08123181242131,11.1568654191871,0.519022983185796
"Vector_07_S277_L002","Vector",87561,6173,"Growing",0.6,0.3125,0.423076923076923,-0.204548042863232,0,"Vector",87561,6173,"Growing",0,0,0.587476991541579,0.205722435164418,0,0,0.294621654479686,0.205722435164418,0,0.706978518519542,0.998088739272162,0,"Vector",87561,6173,"Growing",5.57785439003538,7.57309194383916,8.83152605476311,10.4208781744473,3.7609599685845,9.32472336139223,6.08728278667234,11.1149703711066,0.565470202315325
"Vector_08_S278_L001","Vector",68202,5799,"Growing",0.7,0.3125,0.461538461538462,0.225052399066885,0.0835361988681068,"Vector",68202,5799,"Growing",0,0.136821332739161,0.257155748559988,0,0.461525960597275,0,0.364552691819173,0.776102318114951,0,0.631133255056278,3.00606114015762,0,"Vector",68202,5799,"Growing",5.0007833625836,7.81002663076937,8.87528752416767,10.5961127854266,3.99751203215447,9.4087424930968,5.44529200697737,11.1806353047875,0.0397519550474729
"Vector_08_S278_L002","Vector",79014,5976,"Growing",0.7,0.375,0.5,0.0696347338200382,0.114829152884554,"Vector",79014,5976,"Growing",0,0,0.409616081294342,0,0.490295873648674,0,0,0.32185126239222,0,0.32185126239222,2.96275331024232,0,"Vector",79014,5976,"Growing",5.23434034393275,7.76215748694698,8.89648534049501,10.5844935399658,4.03638204612597,9.44175914993349,5.59609725699388,11.1953976792212,0
"Vector_09_S279_L001","Vector",54266,4962,"Growing",0.6,0.3125,0.423076923076923,0.112569708759874,0.0494037026218252,"Vector",54266,4962,"Growing",0.313755362871463,0.169132840197964,0.977760937968812,0,0,0,0,0.169132840197964,0,0.653047446308129,2.73265441653819,0,"Vector",54266,4962,"Growing",5.36490720827945,7.79995002356316,8.51148207674777,10.3197508709823,3.46032102024213,9.15407395265452,5.5688097027127,11.0713711918275,0.103619479664047
"Vector_09_S279_L002","Vector",64488,5106,"Growing",0.6,0.3125,0.423076923076923,0.196228790368327,0.0789050759544054,"Vector",64488,5106,"Growing",0.270130352462873,0,1.33268706797458,0,0,0,0,0.144158878604929,0,0.873637263437125,2.73574887187492,0,"Vector",64488,5106,"Growing",5.39273076926799,7.7305830751086,8.57153924143966,10.3117324724188,3.44258046866023,9.12110359640184,5.53273033715883,11.0753530150409,0.136436937545414
"Vector_10_S280_L001","Vector",67632,5386,"Growing",0.6,0.25,0.384615384615385,-0.0983615477288822,0.0249596229789843,"Vector",67632,5386,"Growing",0.553479863468733,0,0.965632750683317,0.137898469497151,0.137898469497151,0,0.367124064709825,0,0,1.02040135389427,1.29786252934597,0,"Vector",67632,5386,"Growing",5.33180658026624,7.46511889031024,8.5941797938685,10.3637196877465,3.65622187868492,9.24615547200903,5.83338429038166,11.0222938592132,0.424981128213657
"Vector_10_S280_L002","Vector",79252,5562,"Growing",0.5,0.3125,0.384615384615385,-0.229364033454344,0,"Vector",79252,5562,"Growing",0.6978552042111,0,0.758756079529549,0,0,0,0.321024491412278,0,0,1.25948195093283,1.32865337875884,0,"Vector",79252,5562,"Growing",5.48952950181457,7.51261418463242,8.70523026971194,10.5355247417955,3.62696985197056,9.24506373771376,5.84912522229012,11.0540494054551,0.410730312276822
"Vector_11_S281_L001","Vector",94933,6347,"Growing",0.5,0.3125,0.384615384615385,-0.0358707421681424,0,"Vector",94933,6347,"Growing",0.191177970257613,0.191177970257613,1.52202061660983,0,0.100150671622425,0,0.100150671622425,1.72897012578117,0,0.906128987483037,2.25468952818257,0.351606979318772,"Vector",94933,6347,"Growing",5.49533343736377,7.61116640076917,8.71378138720525,10.4997330167055,3.78299808590514,9.32057879554945,5.91466433322417,11.2949116181435,0.305307033456715
"Vector_11_S281_L002","Vector",108991,6536,"Growing",0.6,0.3125,0.423076923076923,0.0186976831471254,0.0440090409804535,"Vector",108991,6536,"Growing",0.0877825499865042,0.243143872820185,1.57970610846825,0,0.168477324473138,0,0.168477324473138,1.61681673791972,0,0.90341261178025,2.55224123146543,0.168477324473138,"Vector",108991,6536,"Growing",5.410915394951,7.68394760268692,8.90128737871434,10.5716025503035,3.82124122392334,9.4361589048951,5.99739549341055,11.3919512847019,0.30412262013024
"Vector_12_S282_L001","Vector",102108,5859,"Growing",0.7,0.375,0.5,-0.132406013273187,0.0169111224469768,"Vector",102108,5859,"Growing",0,0,1.88438796524029,0.0934316157291537,0,0,0.330556255244361,0.330556255244361,0,1.75765797402224,1.53117669631563,0,"Vector",102108,5859,"Growing",5.76794366800658,7.60409115354974,8.59800878379992,10.4794367598505,3.68828486733282,9.30049452326188,6.32527823230557,11.1922676186141,0.554218642490257
"Vector_12_S282_L002","Vector",118531,6072,"Growing",0.4,0.3125,0.346153846153846,-0.241004424977488,0.0146602019054809,"Vector",118531,6072,"Growing",0,0.0809955906380158,1.85620913835334,0,0,0,0.290775628051055,0.740393056508666,0,1.77380502878973,1.49492693042676,0,"Vector",118531,6072,"Growing",5.65486681871783,7.51766583206942,8.52604449002789,10.5128705749188,3.7420934277708,9.29225888882856,6.24782972739441,11.2207627300609,0.603582045467841
"Vector_13_S283_L001","Vector",72563,5943,"Growing",0.6,0.3125,0.423076923076923,-0.0247979508203979,0,"Vector",72563,5943,"Growing",0,0,1.12075505754952,0.243434343723087,0.346022093868688,0,0.439057914857077,0.346022093868688,0,0.866307237141169,3.11345130147797,0,"Vector",72563,5943,"Growing",5.52759997402062,7.48996398404016,8.67430144517713,10.4455096554389,3.84987914359988,9.26410853553317,5.52933654620527,11.058861788778,0.195254101081556
"Vector_13_S283_L002","Vector",86050,6101,"Growing",0.6,0.3125,0.423076923076923,0.0166557965845444,0,"Vector",86050,6101,"Growing",0,0,0.873190335127278,0.208982158353143,0.529020506176202,0,0.657360425165207,0.771086932135083,0,0.59524794605924,3.18329380611662,0,"Vector",86050,6101,"Growing",5.32813631888238,7.50958007756078,8.67745485074732,10.6012318945775,3.96440523178874,9.24584848262411,5.62241526148566,11.130579089123,0.219008225444
"Vector_14_S284_L001","Vector",64829,5665,"Growing",0.6,0.375,0.461538461538462,-0.146924946096366,0,"Vector",64829,5665,"Growing",0,0.380322235543556,1.04767803919249,0,0,0,0.380322235543556,0.99205531924071,0,0.571691031114175,2.11019403552609,0.268884431357357,"Vector",64829,5665,"Growing",5.49026962421636,7.60061592571699,8.47848760443196,10.2273485758254,3.35021429141282,9.13196600472696,5.64481039397849,10.8611187145814,0.193149748463148
"Vector_14_S284_L002","Vector",75579,5802,"Growing",0.6,0.375,0.461538461538462,-0.000709475890657688,0,"Vector",75579,5802,"Growing",0,0.12426145912696,0.721975174376271,0,0,0,0.58437602943617,0.78426995549537,0,0.655540427770781,2.24791353838029,0.234774663835123,"Vector",75579,5802,"Growing",5.54359514538643,7.69794278928867,8.60162562690181,10.3249533122005,3.63798611496782,9.19928679264172,5.60013572741675,11.0032577643903,0.243829572568316
"Vector_15_S285_L001","Vector",73821,5693,"Growing",0.6,0.3125,0.423076923076923,-0.000763386422684538,0.0433939296314732,"Vector",73821,5693,"Growing",0,0,1.88007175962569,0,0,0,0,0.341025018433703,0,0.341025018433703,2.48261130947179,0,"Vector",73821,5693,"Growing",5.37723242887332,7.38635256994169,8.60849341159482,10.2001283037835,3.56336077988528,9.26173514449707,5.63795819027865,11.1974641193255,0.214121114485156
"Vector_15_S285_L002","Vector",86055,5884,"Growing",0.5,0.3125,0.384615384615385,-0.0559318636615805,0.182643154561818,"Vector",86055,5884,"Growing",0,0,1.8658805834996,0,0,0,0,0.595221882494038,0,0.595221882494038,2.6401233548321,0,"Vector",86055,5884,"Growing",5.16787168549688,7.43484767006149,8.70011106988865,10.3197990058549,3.63579731130322,9.30485319202817,5.75133668655597,11.2051912107899,0.173049111770809
"Vector_16_S286_L001","Vector",59389,4710,"Growing",0.5,0.3125,0.384615384615385,-0.280278048184862,0,"Vector",59389,4710,"Growing",0.514932419520394,0,0.610801312451957,0,0,0,0.155619329474635,0,0,1.35131022833407,1.85445303989901,0.155619329474635,"Vector",59389,4710,"Growing",5.61428477029585,7.83641145968821,8.48867002727462,10.4214452263108,3.80689334349903,9.08731169871128,5.73742846310409,11.025425912798,0.242607369280612
"Vector_16_S286_L002","Vector",71404,4840,"Growing",0.5,0.3125,0.384615384615385,-0.174942236939697,0,"Vector",71404,4840,"Growing",0.815556648490905,0,0.609922656802179,0,0,0,0.444809343305979,0,0,1.33525459550037,1.79869111586399,0,"Vector",71404,4840,"Growing",5.59346872119125,7.80562341090491,8.42946416876589,10.4533672481446,3.90285296669008,9.04504043506877,5.75517187656869,11.1026615646042,0.269486287995595
"Vector_17_S287_L001","Vector",51905,5224,"Growing",0.5,0.3125,0.384615384615385,-0.277307163385659,0.134026109641598,"Vector",51905,5224,"Growing",0.674625882093134,0,1.45283423771186,0,0,0,0.176185827227446,1.13759461882278,0,0.176185827227446,3.39782336288426,0,"Vector",51905,5224,"Growing",5.46865518032436,7.65011025186071,8.78241931225268,10.369402952916,3.39677679190022,9.40199959884721,5.7234931459192,10.8352131720716,0.171219571139043
"Vector_17_S287_L002","Vector",59745,5382,"Growing",0.5,0.375,0.423076923076923,-0.231514774627299,0.0974689481332418,"Vector",59745,5382,"Growing",0.512531423898657,0.154760228242481,1.4696148752142,0,0.154760228242481,0,0.288748538473,0.849733827918124,0,0.154760228242481,3.20953954931426,0,"Vector",59745,5382,"Growing",5.2938558005881,7.84058579222992,8.87932516637043,10.524472734945,3.56218839237748,9.4640000615449,5.68394690271043,10.8550012175005,0.16035627995988
"Vector_18_S288_L001","Vector",85990,6281,"Growing",0.5,0.3125,0.384615384615385,-0.0150566483834337,0,"Vector",85990,6281,"Growing",0,0,0.381971528299733,0,0,0,0.29927297007098,0.381971528299733,0,0.529307115789083,1.44837500020093,0,"Vector",85990,6281,"Growing",5.591659857409,7.51200418997959,8.64167415811262,10.4992317084126,3.91630383259293,9.21053819875455,6.00647268839405,11.3246377342835,0.446455998613268
"Vector_18_S288_L002","Vector",99815,6490,"Growing",0.5,0.3125,0.384615384615385,-0.0285130793513223,0,"Vector",99815,6490,"Growing",0,0.182630413899915,0.470698423636462,0,0,0,0.694073465846919,0.0954786591420987,0,0.956651366665736,1.43649566542419,0,"Vector",99815,6490,"Growing",5.58442904281364,7.55360153291518,8.75194357206292,10.5613760146065,3.81869740129635,9.22890066186123,6.09770574525349,11.2704506086732,0.426322529634618
"Vector_19_S289_L001","Vector",57641,5359,"Growing",0.6,0.4375,0.5,-0.0772801377809149,0,"Vector",57641,5359,"Growing",0,0.159980188028506,1.93131546813434,0,0,0,0.297861518132669,0,0,0.713403494115717,2.60203085804971,0,"Vector",57641,5359,"Growing",5.77225410465124,7.5914619799605,8.98766164038378,10.5729569722878,3.77765476425264,9.59345342472882,5.94760853316414,11.1230347817782,0.370333787253085
"Vector_19_S289_L002","Vector",68845,5589,"Growing",0.7,0.4375,0.538461538461538,-0.115143213478749,0.0245483601119798,"Vector",68845,5589,"Growing",0.458067250956564,0.458067250956564,1.85228867466228,0,0,0,0.361695365751565,0.135626298961215,0,0.458067250956564,2.46374970324439,0,"Vector",68845,5589,"Growing",5.82546131152459,7.70887764753125,9.11163126767473,10.7049112446455,4.02997359153862,9.80862850641679,6.01560266215702,11.087629322285,0.391984966054301
"Vector_20_S290_L001","Vector",45495,4765,"Growing",0.5,0.3125,0.384615384615385,-0.0554936021848356,0,"Vector",45495,4765,"Growing",0.198690496795289,0,1.09133230946126,0,0,0,0.841061128619437,0.506463999087779,0,0.841061128619437,2.4655891229674,0,"Vector",45495,4765,"Growing",5.44067752609178,7.93066470539384,8.70746810087559,10.5156662931925,3.56362990087784,9.28702515136582,5.83779393981649,10.6538258170522,0.350448441928351
"Vector_20_S290_L002","Vector",53116,4901,"Growing",0.5,0.3125,0.384615384615385,-0.0333537845072729,0,"Vector",53116,4901,"Growing",0.56136782660598,0,0.991177289107191,0,0,0,0.755935639716053,0.172496102045341,0,0.663376366991005,2.47817545857146,0,"Vector",53116,4901,"Growing",5.75434387157885,7.75834380328913,8.53190280243235,10.3484093711877,3.42560504993568,9.17381133490323,5.91862036209149,10.7101372709323,0.349070767026443
"Vector_21_S291_L001","Vector",79275,5808,"Growing",0.6,0.375,0.461538461538462,0.152824623928441,0,"Vector",79275,5808,"Growing",0.758601790947298,0.224970956592904,0.632867422008645,0.224970956592904,0,0,0,0,0,0.118798673056101,1.14563388429045,0,"Vector",79275,5808,"Growing",5.5419003242666,7.68076129603093,8.62331770520673,10.4928308021126,3.52210823069562,9.23382434949012,5.85873758398827,11.1201339046869,0.418188680032079
"Vector_21_S291_L002","Vector",92573,6013,"Growing",0.7,0.375,0.5,0.145381045693395,0,"Vector",92573,6013,"Growing",0.563129609203566,0.359135914647387,0.622822812896728,0.102577217748293,0,0,0,0,0,0.195604377634473,0.96330517354313,0,"Vector",92573,6013,"Growing",5.49234220183944,7.77314385285278,8.55152489690406,10.4662735005148,3.65684291563442,9.18570986563774,5.88796700463112,11.1738493028802,0.417668659310167
"Vector_22_S292_L001","Vector",33244,4789,"Growing",0.7,0.25,0.423076923076923,0,0.0852529588714127,"Vector",33244,4789,"Growing",0,0,0.471010822493993,0,0.917901754500385,0,0,0.262984195739745,0,0.262984195739745,1.85856275029456,0,"Vector",33244,4789,"Growing",5.55091255831053,7.69784928273936,8.60595651376933,10.4641652051836,3.5406436460517,9.19477397719855,5.84250406464083,10.827281821343,0.449177107677947
"Vector_22_S292_L002","Vector",39094,5024,"Growing",0.6,0.25,0.384615384615385,0.0387205302856997,0,"Vector",39094,5024,"Growing",0,0,0.41316039388479,0,0.569498893792619,0,0,0.569498893792619,0,0.227767825209998,2.16030835254862,0,"Vector",39094,5024,"Growing",5.52124749249849,7.63782672424617,8.72658093166679,10.4311404047767,3.62937205024862,9.26049495684918,5.83945383415863,10.99824013509,0.481520800780082
"Vector_23_S293_L001","Vector",101351,5899,"Growing",0.6,0.375,0.461538461538462,-0.186213245146869,0.0469302935360732,"Vector",101351,5899,"Growing",0,0.0940976347070072,0.525124344664202,0,0.401011903000194,0,0.259283389702062,0.734930518842102,0,0.686459914113859,1.93441873533874,0,"Vector",101351,5899,"Growing",5.27259048442231,7.89004549229442,8.67105424155698,10.4896991520157,3.55703769148365,9.25139597705061,6.01849231525102,11.1396762193947,0.375517124916397
"Vector_23_S293_L002","Vector",118580,6068,"Growing",0.8,0.3125,0.5,-0.0999001631569516,0.0236494209508646,"Vector",118580,6068,"Growing",0,0,0.46393448175831,0.080963440434319,0.409448841809849,0,0.290671359565031,0.46393448175831,0,0.611564241969306,1.9072473122096,0,"Vector",118580,6068,"Growing",5.47938031009173,7.89196385150974,8.81563075826479,10.6203194217686,3.80826962931284,9.40751328408097,6.11353294019766,11.1238122399981,0.401443317310261
"Vector_24_S294_L001","Vector",58234,4783,"Growing",0.5,0.3125,0.384615384615385,0.0269405116164503,0,"Vector",58234,4783,"Growing",0,0.29523495906611,0.708196335060093,0,0,0,0,0,0,0.619826173350316,3.46827950200612,0,"Vector",58234,4783,"Growing",5.5177914705592,7.57409072663438,8.65291982573515,10.3621416641628,3.35764244261371,9.31611454305582,5.72550407710269,11.1211597457998,0.137086061986118
"Vector_24_S294_L002","Vector",66633,4882,"Growing",0.5,0.3125,0.384615384615385,0.0799328239367917,0,"Vector",66633,4882,"Growing",0,0.371720347463736,0.262480855013746,0,0,0,0,0,0,1.02994417132744,3.50454470657205,0,"Vector",66633,4882,"Growing",5.44302408068911,7.73261986776346,8.70126334330452,10.4491437637965,3.4950367751448,9.37776548080062,5.7017980369105,11.1981295851139,0.133140752307799
"Vector_25_S295_L001","Vector",29100,4530,"Growing",0.5,0.375,0.423076923076923,-0.324351041400014,0.0534645569993111,"Vector",29100,4530,"Growing",0,0,1.48984912367515,0,0.295384292813873,0,1.40922530218381,0.295384292813873,0,0.295384292813873,2.33003979145846,0,"Vector",29100,4530,"Growing",5.76729888238092,7.92025290476692,8.69196522578804,10.2972629847023,3.34965497386971,9.31093118261234,5.88020231866583,10.7424751677228,0.353820974249893
"Vector_25_S295_L002","Vector",33920,4768,"Growing",0.5,0.375,0.423076923076923,-0.169105152691364,0,"Vector",33920,4768,"Growing",0.258364986277573,0,0.463496655680349,0,0,0,1.21149163673996,0.905859153164339,0,1.21149163673996,2.12468769741454,0,"Vector",33920,4768,"Growing",5.59551409212434,7.7790892206432,8.77509426339875,10.3469202425801,3.32205827873627,9.29458984204832,5.73078680827163,10.8448990574827,0.335969724304412
"Vector_26_S296_L001","Vector",77866,6141,"Growing",0.5,0.3125,0.384615384615385,-0.136488880229566,0,"Vector",77866,6141,"Growing",0.325900315421936,0.120823526072569,1.34165432034103,0.120823526072569,0.120823526072569,0,0.120823526072569,0,0,1.07376833627603,2.16396022768354,0.120823526072569,"Vector",77866,6141,"Growing",5.52338732439629,7.78065956886925,8.94928461385259,10.6353003045787,3.69923126359647,9.5131275100851,6.00944380088297,10.9114150638842,0.359664856356886
"Vector_26_S296_L002","Vector",92280,6428,"Growing",0.6,0.4375,0.5,-0.099072542450443,0.0186224957982554,"Vector",92280,6428,"Growing",0.360093454808039,0.281486063717081,1.44714843721857,0,0,0,0.102886717117433,0.500893498208744,0,0.965266648807194,2.16263024081229,0.196168318188129,"Vector",92280,6428,"Growing",5.62942133622861,7.90600525996202,8.92638579246402,10.6638280453214,3.82616564235904,9.51442929990741,5.90345587932635,11.0886716696153,0.273888079328095
"Vector_27_S297_L001","Vector",56000,4944,"Growing",0.5,0.25,0.346153846153846,-0.148058918071405,0.029738852283721,"Vector",56000,4944,"Growing",0,1.02450431651439,1.51982575374441,0.164303051291276,0,0,0,0.305381649551182,0,0.638087403376918,2.27726728500976,0.538996500732687,"Vector",56000,4944,"Growing",5.51613943252978,8.04327373092908,9.0538243084082,10.565041701,3.47836837758309,9.64726612761807,5.69581446210805,10.6374894536094,0.0500935844930641
"Vector_27_S297_L002","Vector",65499,5125,"Growing",0.5,0.3125,0.384615384615385,-0.0967139106739354,0,"Vector",65499,5125,"Growing",0,0.9855984695349,1.43654912347323,0.266469804618795,0,0,0.142084535785061,0.798134338386606,0,0.650262915063514,2.55789211025674,0.476666598849123,"Vector",65499,5125,"Growing",5.46424232703065,8.06510814938798,9.1045071413423,10.5452971553829,3.51749730467467,9.72741985209187,5.76304030271762,10.7687240451888,0.0347732116480888
"Vector_28_S298_L001","Vector",70005,5582,"Growing",0.5,0.3125,0.384615384615385,-0.00969947071423273,0.045485038685373,"Vector",70005,5582,"Growing",0.133522464650949,0,0.356653516668244,0.251298556272779,0,0,0.133522464650949,0.619006243184529,0,1.23209308838843,2.79022125927395,0,"Vector",70005,5582,"Growing",5.53777306573034,7.46588047360017,8.66949253696241,10.4281407537878,3.84479493248005,9.34073581418056,6.02751499458965,11.1055257419993,0.346876375805459
"Vector_28_S298_L002","Vector",80736,5750,"Growing",0.5,0.3125,0.384615384615385,-0.0845864572357521,0.0211353010051575,"Vector",80736,5750,"Growing",0.116769618813025,0,0.624345389847665,0,0,0,0.402421771323253,0.910806039455686,0,1.05008962736107,2.55649886168834,0,"Vector",80736,5750,"Growing",5.48581763401871,7.45183221626165,8.90659113067948,10.5050916306278,3.84890900839434,9.46243673164547,5.96039727062427,11.2236790285124,0.307490949660923
"Vector_29_S299_L001","Vector",31884,4301,"Growing",0.4,0.3125,0.346153846153846,-0.284623995689635,0.0493767232305765,"Vector",31884,4301,"Growing",0.663157348291145,0,0.663157348291145,0,0,0,0.663157348291145,0.272799575859539,0,1.16173059465157,2.85123356270034,0,"Vector",31884,4301,"Growing",5.47427876107442,7.63375001975748,8.59364781901542,10.2870780621761,3.75034296382806,9.41646207106028,5.51472952222546,10.785138350932,0.202353178968993
"Vector_29_S299_L002","Vector",36816,4461,"Growing",0.5,0.3125,0.384615384615385,-0.180192702531416,0,"Vector",36816,4461,"Growing",0.735480418495574,0,0.240292491544704,0,0,0,1.06517519474636,0.240292491544704,0,1.38324756877384,2.89658161249671,0,"Vector",36816,4461,"Growing",5.58920387740804,7.75754320148056,8.57157001781941,10.3023157465287,3.71547484531002,9.41037050086255,5.61948823792967,10.8052703796549,0.251156970348116
"Vector_30_S300_L001","Vector",77963,5389,"Growing",0.5,0.25,0.346153846153846,0.10800724083295,0.0218434268585415,"Vector",77963,5389,"Growing",0.228355501188411,0,0.931845789374116,0,0,0,0,0,0,1.34073496255153,2.11759924078522,0.325554220661956,"Vector",77963,5389,"Growing",5.46749229311228,7.84493760622294,8.47114161125805,10.347047581955,3.61280497355483,9.23814214729647,5.71512381606964,10.956095799824,0.276047864153193
"Vector_30_S300_L002","Vector",90627,5493,"Growing",0.5,0.3125,0.384615384615385,0.0163514598650596,0.0666672202996664,"Vector",90627,5493,"Growing",0.439358813182932,0.285950957935739,0.794695280785104,0,0,0,0,0,0,1.35297079846367,1.93996238066289,0.199412000363874,"Vector",90627,5493,"Growing",5.52200960051887,7.91007911219897,8.56794463454752,10.3620891367741,3.59002796452925,9.38662868730186,5.78077979480195,10.9584996208865,0.296839674629262
"Vector_31_S301_L001","Vector",48089,4564,"Growing",0.3,0.375,0.346153846153846,0.0359779587506368,0,"Vector",48089,4564,"Growing",0,0,1.30922996460431,0,0.898385116730371,0,0.347762212213189,0.712821769075695,0,0.347762212213189,3.36980812241279,0,"Vector",48089,4564,"Growing",5.61606220646582,7.86640107510295,8.90290351099992,10.4690592169012,3.62407627745357,9.46137662215347,5.75798507481198,10.9229955543387,0.250248466184947
"Vector_31_S301_L002","Vector",55471,4692,"Growing",0.4,0.375,0.384615384615385,0.151792529713042,0,"Vector",55471,4692,"Growing",0,0,1.70599448608821,0,0.642575671945285,0,0.432316775453782,0.892897233606128,0,0.165746934840328,3.21793507134476,0,"Vector",55471,4692,"Growing",5.39206210841924,7.83004155424587,8.7093822288269,10.3856334723256,3.76539762332401,9.32090151211292,5.73040583192309,10.8824406236251,0.237847142015713
"Vector_32_S302_L001","Vector",96142,5993,"Growing",0.6,0.375,0.461538461538462,0.137002039530678,0.154815970809628,"Vector",96142,5993,"Growing",0.660683558055613,0,1.4652002829247,0,0,0,0,0.271581991263506,0,0.0989515550146521,1.79052789284562,0,"Vector",96142,5993,"Growing",5.52237592628097,7.80271075521674,8.59190331617739,10.283843264076,3.44124736151776,9.18283831485933,5.90138926307457,11.2623389005954,0.254004535828371
"Vector_32_S302_L002","Vector",110883,6109,"Growing",0.6,0.375,0.461538461538462,0.16931502100838,0.10755871743905,"Vector",110883,6109,"Growing",0.775835747077397,0,1.25993269111711,0,0,0,0,0.0863475443052114,0,0.0863475443052114,1.93906101972259,0,"Vector",110883,6109,"Growing",5.55824325093308,7.81349266680479,8.81192403472357,10.4036309402588,3.57513771386904,9.43521692225856,5.93838818251168,11.3914633499593,0.28681379574261
"Vector_33_S303_L001","Vector",91426,6219,"Growing",0.4,0.3125,0.346153846153846,-0.281224964872679,0.0187877215624034,"Vector",91426,6219,"Growing",0.197830791536082,0,0.738971409060712,0,0,0,0.197830791536082,0.362914053676091,0,1.12433963367625,1.25723744420826,0,"Vector",91426,6219,"Growing",5.44074412182484,7.63683938299787,8.67559518224505,10.4365726427693,3.72269019301652,9.24311038191696,5.89538551146649,11.2636848384736,0.390007125849052
"Vector_33_S303_L002","Vector",108491,6468,"Growing",0.6,0.3125,0.423076923076923,-0.250761551298924,0.0306236873360586,"Vector",108491,6468,"Growing",0.0881697880925237,0,0.440215115671738,0,0,0,0.244138121335242,0.169191642740655,0,0.78766435353605,1.48397018170742,0,"Vector",108491,6468,"Growing",5.33583873848997,7.5619984827966,8.71917289790827,10.4844943482297,3.7491032186921,9.25388876210666,5.96696581506827,11.2664237128522,0.377198799157887
"Vector_34_S304_L001","Vector",103207,6022,"Growing",0.5,0.3125,0.384615384615385,0.0867248614692251,0.082949160294815,"Vector",103207,6022,"Growing",0,0,0.677488483725364,0,0.177129187462633,0,0.936204114637669,0.0924813211085432,0.255167629073491,0.627025472801604,1.20159708347169,0,"Vector",103207,6022,"Growing",5.39844719793088,7.39614792290493,8.55742216953789,10.3218758877197,3.48250326682084,9.2325001870956,5.86589898285316,10.9795745393205,0.228273457577521
"Vector_34_S304_L002","Vector",120386,6127,"Growing",0.5,0.375,0.423076923076923,0.143593496367005,0.0144430822846162,"Vector",120386,6127,"Growing",0,0.0797960347216362,1.03937702072481,0,0.0797960347216362,0,0.947113437155087,0.347363204351497,0.0797960347216362,0.404395752251549,1.09647243220868,0,"Vector",120386,6127,"Growing",5.35630564995391,7.43489811017708,8.65052591296991,10.3560299208803,3.57173865964483,9.22065377710618,5.85102282720682,10.9487593419824,0.23359494609871
"Vector_35_S305_L001","Vector",67730,5606,"Growing",0.5,0.3125,0.384615384615385,-0.199819319153682,0,"Vector",67730,5606,"Growing",0,0,1.07137325050593,0,0,0,0.137712070015316,0.634389447827873,0,0.464098883679289,1.74478000787351,0,"Vector",67730,5606,"Growing",5.6896679878909,7.79282043980685,8.79796475512444,10.4303848662172,3.37720557918882,9.30034119036692,5.74106307586183,11.1521566182808,0.271366712141623
"Vector_35_S305_L002","Vector",80608,5795,"Growing",0.5,0.3125,0.384615384615385,-0.247075104213002,0.0211669742654262,"Vector",80608,5795,"Growing",0,0,1.38062129290665,0,0.221633877196487,0,0,0.4826025705388,0,0.402947716914525,1.8460042723562,0,"Vector",80608,5795,"Growing",5.54313970490666,7.70628470529059,8.8189497904576,10.4356721962035,3.26282544319572,9.30451768821731,5.83182097905654,11.1173122872469,0.260921979006252
"Vector_36_S306_L001","Vector",111092,6124,"Growing",0.6,0.3125,0.423076923076923,0.109129012993933,0.161470020325766,"Vector",111092,6124,"Growing",0.371616943500534,0,0.892099559810864,0,0,0,0,0,0,0.9970571790364,0.9970571790364,0,"Vector",111092,6124,"Growing",5.43989018150531,7.4418672480488,8.49693126042579,10.407855737888,3.78132216830433,9.14113545310222,6.15480519802519,11.2608324304136,0.597395587921761
"Vector_36_S306_L002","Vector",131170,6282,"Growing",0.6,0.375,0.461538461538462,0.135468225861957,0.102565311356724,"Vector",131170,6282,"Growing",0.266163022880519,0,0.762465276785137,0.0734706460690539,0,0,0,0,0,1.27872477125088,0.726251738651375,0,"Vector",131170,6282,"Growing",5.45416405776811,7.46406974319724,8.68290073487834,10.5032415167713,3.89576406356274,9.29360668089418,6.35445968924375,11.2438390311291,0.646831615426742
"Vector_37_S307_L001","Vector",84249,5741,"Growing",0.5,0.25,0.346153846153846,-0.126261001562526,0,"Vector",84249,5741,"Growing",0.213005568580938,0.11216351646643,1.21607391486873,0,0,0,0.304603577274952,0.978980341894329,0,0.388510916928785,1.78929349396325,0,"Vector",84249,5741,"Growing",5.65981012389397,7.76458409224431,8.73801731224226,10.409640873116,3.57750278621823,9.37895947139537,5.81515414365789,11.0749179983266,0.409875531757456
"Vector_37_S307_L002","Vector",98922,5994,"Growing",0.5,0.3125,0.384615384615385,-0.178252978371954,0.085808815756541,"Vector",98922,5994,"Growing",0.474081855008514,0.0963003689305053,1.07182509468303,0,0,0,0.26487590951655,0.922807933571589,0,0.64700257065642,1.59787130674238,0,"Vector",98922,5994,"Growing",5.55113493033679,7.78228264514387,8.72999455390885,10.3497632522498,3.77559605128622,9.28787045985813,5.79633729915673,11.0791542979988,0.367955134818909
"Vector_38_S308_L001","Vector",83975,5954,"Growing",0.5,0.3125,0.384615384615385,-0.140619360602042,0.10973507200953,"Vector",83975,5954,"Growing",0.389560796876841,0.213631350130619,1.35014721682312,0,0,0,0.112509653951885,0.728392475232557,0,1.31879422940583,2.53924803788659,0,"Vector",83975,5954,"Growing",5.26315886539167,7.68647609697676,8.63818274643816,10.4076699817532,3.65112837038102,9.17569699934908,5.57253090342498,11.0078397578416,0.143627329350916
"Vector_38_S308_L002","Vector",99585,6060,"Growing",0.6,0.3125,0.423076923076923,-0.137543536810758,0.0963540332631903,"Vector",99585,6060,"Growing",0.337662183859157,0.09568895299445,1.19682273645175,0,0,0,0.183015864751596,0.958072651119456,0,0.790727850452252,2.50525436508477,0,"Vector",99585,6060,"Growing",5.24772944044857,7.76433653680587,8.61722818069795,10.4692279961641,3.61622657753213,9.16662531217854,5.60649622222718,11.1392174758373,0.110892603941364
"Vector_39_S309_L001","Vector",80163,5665,"Growing",0.7,0.25,0.423076923076923,-0.0791881338270595,0.0877353063440861,"Vector",80163,5665,"Growing",0,0.117557081571233,0.317899025379101,0.117557081571233,0.117557081571233,0,0.117557081571233,0.863819537330017,0,0.809799934891742,2.36136603401979,0,"Vector",80163,5665,"Growing",5.37887304116998,7.83160502291866,8.90018329062801,10.518985064892,3.78271894790435,9.40593993714404,5.76299765670061,11.0589882617562,0.246866189364096
"Vector_39_S309_L002","Vector",92954,5806,"Growing",0.7,0.3125,0.461538461538462,-0.0450408808667266,0.0901438780585499,"Vector",92954,5806,"Growing",0,0.194875909056201,0.357898456604413,0.102177539400829,0,0,0,0.874860725024265,0,0.561363205258758,2.20480764235977,0,"Vector",92954,5806,"Growing",5.37205874410203,7.69066867345607,8.8068683782505,10.4269087949988,3.73946263467254,9.44743987089914,5.70733511590366,11.137056675614,0.229502899123218
"Vector_40_S310_L001","Vector",82532,5439,"Growing",0.3,0.3125,0.307692307692308,0.144002967048484,0.0207006865025671,"Vector",82532,5439,"Growing",0.11436843371584,0.11436843371584,1.07794756351165,0,0,0,1.07794756351165,0.473638028778547,0,0.216988848054674,2.1415048548489,0,"Vector",82532,5439,"Growing",5.44276057201524,7.94767656171222,9.06039974410529,10.5615338698273,3.73882217124101,9.53773902631088,5.56468440170748,11.1570916568915,0.184911329051272
"Vector_40_S310_L002","Vector",97374,5612,"Growing",0.3,0.3125,0.307692307692308,0.128513997598375,0.0338119191643628,"Vector",97374,5612,"Growing",0.0977588325444206,0.344147898790632,0.848037004245924,0,0,0,0.848037004245924,0.414414338861348,0,0.0977588325444206,2.18691102175337,0,"Vector",97374,5612,"Growing",5.37034788756076,7.81299726310649,9.02448358817846,10.4868231743466,3.62129153832427,9.46131798497187,5.66097363704956,11.1874325404859,0.177865394064293
